{"cameraMode":{"drawMode":0,"name":"Shaded","section":"Shading Mode"},"sceneLighting":true,"audioPlay":false,"sceneViewState":{"m_AlwaysRefresh":false,"showFog":true,"showSkybox":true,"showFlares":true,"showImageEffects":true,"showParticleSystems":true,"showVisualEffectGraphs":true,"m_FxEnabled":true},"in2DMode":false,"pivot":{"x":-109.24205780029297,"y":46.753318786621097,"z":-217.90415954589845},"rotation":{"x":-0.5163946747779846,"y":-0.0559101440012455,"z":0.033867958933115008,"w":-0.8539164066314697},"size":2.201444625854492,"orthographic":true}